cluster,safe_name,n_nodes,n_edges,label,label_name,escape_cnt,sa_cnt,misc_cnt,npz_file
CloudFlix,CloudFlix,23,401,2,chain,3,0,6,CloudFlix.npz
GameOn-Java-Microservices-on-Kubernetes,GameOn-Java-Microservices-on-Kubernetes,16,227,1,isolated,0,1,2,GameOn-Java-Microservices-on-Kubernetes.npz
IngressMonitorController,IngressMonitorController,31,661,1,isolated,0,0,1,IngressMonitorController.npz
Java-MicroProfile-on-Kubernetes,Java-MicroProfile-on-Kubernetes,7,42,1,isolated,0,0,1,Java-MicroProfile-on-Kubernetes.npz
MicroCouriers,MicroCouriers,2,2,0,clean,0,0,0,MicroCouriers.npz
Microservices-Nodejs-React,Microservices-Nodejs-React,24,552,1,isolated,0,0,4,Microservices-Nodejs-React.npz
Microservices-deployment-with-PaaS-Containers-and-Serverless-Platforms,Microservices-deployment-with-PaaS-Containers-and-Serverless-Platforms,4,12,1,isolated,0,0,2,Microservices-deployment-with-PaaS-Containers-and-Serverless-Platforms.npz
MicroservicesOnContainers,MicroservicesOnContainers,1,0,1,isolated,0,0,1,MicroservicesOnContainers.npz
OpenStack-on-Kubernetes,OpenStack-on-Kubernetes,192,36672,2,chain,20,5,79,OpenStack-on-Kubernetes.npz
RSO,RSO,12,132,0,clean,0,0,0,RSO.npz
ansible-hetzner-ubuntu-1804-k8s-setup,ansible-hetzner-ubuntu-1804-k8s-setup,1,0,1,isolated,1,0,1,ansible-hetzner-ubuntu-1804-k8s-setup.npz
badpods_everything-allowed,badpods_everything-allowed,16,240,2,chain,16,16,16,badpods_everything-allowed.npz
badpods_hostipc,badpods_hostipc,16,240,2,chain,16,16,16,badpods_hostipc.npz
badpods_hostnetwork,badpods_hostnetwork,16,240,2,chain,16,16,16,badpods_hostnetwork.npz
badpods_hostpath,badpods_hostpath,16,240,2,chain,16,16,16,badpods_hostpath.npz
badpods_hostpid,badpods_hostpid,16,240,2,chain,16,16,16,badpods_hostpid.npz
badpods_nothing-allowed,badpods_nothing-allowed,16,240,0,clean,0,16,0,badpods_nothing-allowed.npz
badpods_priv,badpods_priv,16,240,2,chain,16,16,16,badpods_priv.npz
badpods_priv-and-hostpid,badpods_priv-and-hostpid,16,240,2,chain,16,16,16,badpods_priv-and-hostpid.npz
caastle,caastle,7,42,1,isolated,0,0,2,caastle.npz
cloudify-kubernetes-plugin,cloudify-kubernetes-plugin,46,1947,2,chain,2,0,20,cloudify-kubernetes-plugin.npz
datree-tests,datree-tests,148,21756,2,chain,8,148,148,datree-tests.npz
eShopOnContainers,eShopOnContainers,23,197,0,clean,0,0,0,eShopOnContainers.npz
emissary,emissary,141,13227,2,chain,1,6,23,emissary.npz
gatekeeper-library,gatekeeper-library,100,9900,2,chain,16,100,100,gatekeeper-library.npz
gitcontroller,gitcontroller,281,78680,2,chain,6,0,68,gitcontroller.npz
githook,githook,19,314,1,isolated,0,0,1,githook.npz
gitlab-agent,gitlab-agent,8,46,0,clean,0,0,0,gitlab-agent.npz
grpc-go-api,grpc-go-api,13,156,0,clean,0,0,0,grpc-go-api.npz
infra-goof-k8s,infra-goof-k8s,24,552,2,chain,20,24,24,infra-goof-k8s.npz
innovate-digital-bank,innovate-digital-bank,1,0,0,clean,0,0,0,innovate-digital-bank.npz
istio-index-conf2018,istio-index-conf2018,8,43,1,isolated,1,0,1,istio-index-conf2018.npz
java-on-aks,java-on-aks,8,56,1,isolated,0,1,1,java-on-aks.npz
k8s-escape,k8s-escape,1,0,1,isolated,1,1,1,k8s-escape.npz
k8s-ingress,k8s-ingress,115,5514,1,isolated,0,1,1,k8s-ingress.npz
k8s-security-lab,k8s-security-lab,2,2,1,isolated,0,2,2,k8s-security-lab.npz
k8s-springboot-data-rest,k8s-springboot-data-rest,25,428,1,isolated,0,11,11,k8s-springboot-data-rest.npz
kafka-cqrs,kafka-cqrs,10,90,0,clean,0,0,0,kafka-cqrs.npz
kube-goat,kube-goat,4,12,2,chain,1,4,4,kube-goat.npz
kube-micro,kube-micro,43,1118,0,clean,0,0,0,kube-micro.npz
kube-pod-escape,kube-pod-escape,1,0,1,isolated,1,1,1,kube-pod-escape.npz
kube_security_lab,kube_security_lab,10,90,2,chain,7,10,10,kube_security_lab.npz
kubeaudit-fixtures,kubeaudit-fixtures,114,12882,2,chain,22,114,114,kubeaudit-fixtures.npz
kubecf,kubecf,2,2,0,clean,0,0,0,kubecf.npz
kubernetes-ctf,kubernetes-ctf,8,56,2,chain,1,8,8,kubernetes-ctf.npz
kubernetes-elastic-logging,kubernetes-elastic-logging,6,30,1,isolated,1,0,2,kubernetes-elastic-logging.npz
kubernetes-extras,kubernetes-extras,10,79,1,isolated,1,0,3,kubernetes-extras.npz
kubernetes-goof,kubernetes-goof,9,72,2,chain,4,9,9,kubernetes-goof.npz
kubernetes-microservices,kubernetes-microservices,11,110,1,isolated,0,0,2,kubernetes-microservices.npz
kubernetes-microservices-yoloo,kubernetes-microservices-yoloo,5,20,1,isolated,1,0,1,kubernetes-microservices-yoloo.npz
kubernetes-native-testbed,kubernetes-native-testbed,163,7344,2,chain,4,11,16,kubernetes-native-testbed.npz
kubernetes-service-discovery,kubernetes-service-discovery,21,420,0,clean,0,0,0,kubernetes-service-discovery.npz
kubernetes-sigs-kubespray,kubernetes-sigs-kubespray,12,82,0,clean,0,0,0,kubernetes-sigs-kubespray.npz
kubernetes-with-spring-boot-microservices,kubernetes-with-spring-boot-microservices,5,20,1,isolated,0,1,1,kubernetes-with-spring-boot-microservices.npz
kubernetes_goat_batch-check,kubernetes_goat_batch-check,1,0,1,isolated,0,1,1,kubernetes_goat_batch-check.npz
kubernetes_goat_build-code,kubernetes_goat_build-code,1,0,1,isolated,0,1,1,kubernetes_goat_build-code.npz
kubernetes_goat_cache-store,kubernetes_goat_cache-store,1,0,1,isolated,0,1,1,kubernetes_goat_cache-store.npz
kubernetes_goat_docker-bench-security,kubernetes_goat_docker-bench-security,1,0,1,isolated,1,1,1,kubernetes_goat_docker-bench-security.npz
kubernetes_goat_health-check,kubernetes_goat_health-check,2,2,2,chain,2,2,2,kubernetes_goat_health-check.npz
kubernetes_goat_hidden-in-layers,kubernetes_goat_hidden-in-layers,1,0,1,isolated,0,1,1,kubernetes_goat_hidden-in-layers.npz
kubernetes_goat_hunger-check,kubernetes_goat_hunger-check,1,0,1,isolated,0,1,1,kubernetes_goat_hunger-check.npz
kubernetes_goat_internal-proxy,kubernetes_goat_internal-proxy,1,0,1,isolated,0,1,1,kubernetes_goat_internal-proxy.npz
kubernetes_goat_kube-bench-security,kubernetes_goat_kube-bench-security,2,2,2,chain,2,2,2,kubernetes_goat_kube-bench-security.npz
kubernetes_goat_kubernetes-goat-home,kubernetes_goat_kubernetes-goat-home,1,0,0,clean,0,1,0,kubernetes_goat_kubernetes-goat-home.npz
kubernetes_goat_poor-registry,kubernetes_goat_poor-registry,1,0,1,isolated,0,1,1,kubernetes_goat_poor-registry.npz
kubernetes_goat_system-monitor,kubernetes_goat_system-monitor,1,0,1,isolated,1,1,1,kubernetes_goat_system-monitor.npz
kubeyard,kubeyard,7,42,0,clean,0,0,0,kubeyard.npz
kustomizegoat,kustomizegoat,3,6,1,isolated,0,3,3,kustomizegoat.npz
marblerun,marblerun,3,2,1,isolated,0,0,1,marblerun.npz
micro-apps,micro-apps,30,870,1,isolated,1,0,1,micro-apps.npz
microservice-choreography-tweetboard,microservice-choreography-tweetboard,7,42,1,isolated,0,0,5,microservice-choreography-tweetboard.npz
microservices-applications,microservices-applications,102,10302,0,clean,0,0,0,microservices-applications.npz
microservices-deploy,microservices-deploy,4,7,1,isolated,1,0,3,microservices-deploy.npz
microservices-dotnetcore-docker-sf-k8s,microservices-dotnetcore-docker-sf-k8s,48,2072,1,isolated,0,0,5,microservices-dotnetcore-docker-sf-k8s.npz
minik8s-ctf,minik8s-ctf,4,12,2,chain,2,4,4,minik8s-ctf.npz
netcore-microservices,netcore-microservices,55,2256,1,isolated,0,2,6,netcore-microservices.npz
opendatahub-operator,opendatahub-operator,23,506,0,clean,0,0,0,opendatahub-operator.npz
opentracing-istio-troubleshooting,opentracing-istio-troubleshooting,23,506,1,isolated,0,0,10,opentracing-istio-troubleshooting.npz
operator,operator,26,605,1,isolated,0,0,1,operator.npz
piggymetrics-k8s,piggymetrics-k8s,1,0,0,clean,0,0,0,piggymetrics-k8s.npz
podinfo,podinfo,42,804,1,isolated,0,1,3,podinfo.npz
restful_relay,restful_relay,2,2,0,clean,0,0,0,restful_relay.npz
run-devops,run-devops,13,156,1,isolated,0,2,4,run-devops.npz
sa-traefik,sa-traefik,1,0,1,isolated,1,0,1,sa-traefik.npz
securekubernetes,securekubernetes,3,6,2,chain,2,3,3,securekubernetes.npz
sisyphus,sisyphus,1,0,0,clean,0,0,0,sisyphus.npz
skampi,skampi,7,28,0,clean,0,0,0,skampi.npz
spring-cloud-dataflow,spring-cloud-dataflow,72,4670,1,isolated,0,4,8,spring-cloud-dataflow.npz
spring-cloud-microservices-on-kubernetes,spring-cloud-microservices-on-kubernetes,11,110,0,clean,0,0,0,spring-cloud-microservices-on-kubernetes.npz
spring-microservices-k8s,spring-microservices-k8s,16,240,1,isolated,0,4,4,spring-microservices-k8s.npz
terraform-aks-microservices,terraform-aks-microservices,2,2,0,clean,0,0,0,terraform-aks-microservices.npz
tfm_swcraftsmanship,tfm_swcraftsmanship,7,42,0,clean,0,0,0,tfm_swcraftsmanship.npz
twitter-go,twitter-go,3,6,0,clean,0,0,0,twitter-go.npz
tye,tye,23,462,1,isolated,0,0,16,tye.npz
ultimate-stack,ultimate-stack,77,4783,1,isolated,0,0,14,ultimate-stack.npz
worklog,worklog,4,12,0,clean,0,0,0,worklog.npz
CloudFlix_aug_00,CloudFlix_aug_00,23,364,2,chain,3,0,6,CloudFlix_aug_00.npz
CloudFlix_aug_01,CloudFlix_aug_01,23,305,2,chain,3,0,6,CloudFlix_aug_01.npz
CloudFlix_aug_02,CloudFlix_aug_02,23,345,2,chain,3,0,6,CloudFlix_aug_02.npz
CloudFlix_aug_03,CloudFlix_aug_03,23,329,2,chain,3,0,6,CloudFlix_aug_03.npz
CloudFlix_aug_04,CloudFlix_aug_04,23,293,2,chain,3,0,6,CloudFlix_aug_04.npz
CloudFlix_aug_05,CloudFlix_aug_05,23,341,2,chain,3,0,6,CloudFlix_aug_05.npz
CloudFlix_aug_06,CloudFlix_aug_06,23,292,2,chain,3,0,6,CloudFlix_aug_06.npz
CloudFlix_aug_07,CloudFlix_aug_07,23,356,2,chain,3,0,6,CloudFlix_aug_07.npz
CloudFlix_aug_08,CloudFlix_aug_08,23,354,2,chain,3,0,6,CloudFlix_aug_08.npz
CloudFlix_aug_09,CloudFlix_aug_09,23,315,2,chain,3,0,6,CloudFlix_aug_09.npz
CloudFlix_aug_10,CloudFlix_aug_10,23,307,2,chain,3,0,6,CloudFlix_aug_10.npz
CloudFlix_aug_11,CloudFlix_aug_11,23,318,2,chain,3,0,6,CloudFlix_aug_11.npz
CloudFlix_aug_12,CloudFlix_aug_12,23,290,2,chain,3,0,6,CloudFlix_aug_12.npz
CloudFlix_aug_13,CloudFlix_aug_13,23,368,2,chain,3,0,6,CloudFlix_aug_13.npz
CloudFlix_aug_14,CloudFlix_aug_14,23,291,2,chain,3,0,6,CloudFlix_aug_14.npz
OpenStack-on-Kubernetes_aug_00,OpenStack-on-Kubernetes_aug_00,192,32578,2,chain,20,5,79,OpenStack-on-Kubernetes_aug_00.npz
OpenStack-on-Kubernetes_aug_01,OpenStack-on-Kubernetes_aug_01,192,31166,2,chain,20,5,79,OpenStack-on-Kubernetes_aug_01.npz
OpenStack-on-Kubernetes_aug_02,OpenStack-on-Kubernetes_aug_02,192,32451,2,chain,20,5,79,OpenStack-on-Kubernetes_aug_02.npz
OpenStack-on-Kubernetes_aug_03,OpenStack-on-Kubernetes_aug_03,192,29154,2,chain,20,5,79,OpenStack-on-Kubernetes_aug_03.npz
OpenStack-on-Kubernetes_aug_04,OpenStack-on-Kubernetes_aug_04,192,33301,2,chain,20,5,79,OpenStack-on-Kubernetes_aug_04.npz
OpenStack-on-Kubernetes_aug_05,OpenStack-on-Kubernetes_aug_05,192,30453,2,chain,20,5,79,OpenStack-on-Kubernetes_aug_05.npz
OpenStack-on-Kubernetes_aug_06,OpenStack-on-Kubernetes_aug_06,192,31290,2,chain,20,5,79,OpenStack-on-Kubernetes_aug_06.npz
OpenStack-on-Kubernetes_aug_07,OpenStack-on-Kubernetes_aug_07,192,28047,2,chain,20,5,79,OpenStack-on-Kubernetes_aug_07.npz
OpenStack-on-Kubernetes_aug_08,OpenStack-on-Kubernetes_aug_08,192,30330,2,chain,20,5,79,OpenStack-on-Kubernetes_aug_08.npz
OpenStack-on-Kubernetes_aug_09,OpenStack-on-Kubernetes_aug_09,192,25824,2,chain,20,5,79,OpenStack-on-Kubernetes_aug_09.npz
OpenStack-on-Kubernetes_aug_10,OpenStack-on-Kubernetes_aug_10,121,12844,2,chain,20,5,79,OpenStack-on-Kubernetes_aug_10.npz
OpenStack-on-Kubernetes_aug_11,OpenStack-on-Kubernetes_aug_11,80,5388,2,chain,20,5,79,OpenStack-on-Kubernetes_aug_11.npz
OpenStack-on-Kubernetes_aug_12,OpenStack-on-Kubernetes_aug_12,91,6572,2,chain,20,5,79,OpenStack-on-Kubernetes_aug_12.npz
OpenStack-on-Kubernetes_aug_13,OpenStack-on-Kubernetes_aug_13,93,6851,2,chain,20,5,79,OpenStack-on-Kubernetes_aug_13.npz
OpenStack-on-Kubernetes_aug_14,OpenStack-on-Kubernetes_aug_14,122,13302,2,chain,20,5,79,OpenStack-on-Kubernetes_aug_14.npz
badpods_everything-allowed_aug_00,badpods_everything-allowed_aug_00,16,238,2,chain,16,16,16,badpods_everything-allowed_aug_00.npz
badpods_everything-allowed_aug_01,badpods_everything-allowed_aug_01,16,237,2,chain,16,16,16,badpods_everything-allowed_aug_01.npz
badpods_everything-allowed_aug_02,badpods_everything-allowed_aug_02,16,238,2,chain,16,16,16,badpods_everything-allowed_aug_02.npz
badpods_everything-allowed_aug_03,badpods_everything-allowed_aug_03,16,237,2,chain,16,16,16,badpods_everything-allowed_aug_03.npz
badpods_everything-allowed_aug_04,badpods_everything-allowed_aug_04,16,235,2,chain,16,16,16,badpods_everything-allowed_aug_04.npz
badpods_everything-allowed_aug_05,badpods_everything-allowed_aug_05,16,238,2,chain,16,16,16,badpods_everything-allowed_aug_05.npz
badpods_everything-allowed_aug_06,badpods_everything-allowed_aug_06,16,237,2,chain,16,16,16,badpods_everything-allowed_aug_06.npz
badpods_everything-allowed_aug_07,badpods_everything-allowed_aug_07,16,238,2,chain,16,16,16,badpods_everything-allowed_aug_07.npz
badpods_everything-allowed_aug_08,badpods_everything-allowed_aug_08,16,236,2,chain,16,16,16,badpods_everything-allowed_aug_08.npz
badpods_everything-allowed_aug_09,badpods_everything-allowed_aug_09,16,236,2,chain,16,16,16,badpods_everything-allowed_aug_09.npz
badpods_everything-allowed_aug_10,badpods_everything-allowed_aug_10,16,236,2,chain,16,16,16,badpods_everything-allowed_aug_10.npz
badpods_everything-allowed_aug_11,badpods_everything-allowed_aug_11,16,236,2,chain,16,16,16,badpods_everything-allowed_aug_11.npz
badpods_everything-allowed_aug_12,badpods_everything-allowed_aug_12,16,238,2,chain,16,16,16,badpods_everything-allowed_aug_12.npz
badpods_everything-allowed_aug_13,badpods_everything-allowed_aug_13,16,237,2,chain,16,16,16,badpods_everything-allowed_aug_13.npz
badpods_everything-allowed_aug_14,badpods_everything-allowed_aug_14,16,238,2,chain,16,16,16,badpods_everything-allowed_aug_14.npz
badpods_hostipc_aug_00,badpods_hostipc_aug_00,16,237,2,chain,16,16,16,badpods_hostipc_aug_00.npz
badpods_hostipc_aug_01,badpods_hostipc_aug_01,16,238,2,chain,16,16,16,badpods_hostipc_aug_01.npz
badpods_hostipc_aug_02,badpods_hostipc_aug_02,16,238,2,chain,16,16,16,badpods_hostipc_aug_02.npz
badpods_hostipc_aug_03,badpods_hostipc_aug_03,16,237,2,chain,16,16,16,badpods_hostipc_aug_03.npz
badpods_hostipc_aug_04,badpods_hostipc_aug_04,16,236,2,chain,16,16,16,badpods_hostipc_aug_04.npz
badpods_hostipc_aug_05,badpods_hostipc_aug_05,16,236,2,chain,16,16,16,badpods_hostipc_aug_05.npz
badpods_hostipc_aug_06,badpods_hostipc_aug_06,16,238,2,chain,16,16,16,badpods_hostipc_aug_06.npz
badpods_hostipc_aug_07,badpods_hostipc_aug_07,16,235,2,chain,16,16,16,badpods_hostipc_aug_07.npz
badpods_hostipc_aug_08,badpods_hostipc_aug_08,16,236,2,chain,16,16,16,badpods_hostipc_aug_08.npz
badpods_hostipc_aug_09,badpods_hostipc_aug_09,16,237,2,chain,16,16,16,badpods_hostipc_aug_09.npz
badpods_hostipc_aug_10,badpods_hostipc_aug_10,16,237,2,chain,16,16,16,badpods_hostipc_aug_10.npz
badpods_hostipc_aug_11,badpods_hostipc_aug_11,16,235,2,chain,16,16,16,badpods_hostipc_aug_11.npz
badpods_hostipc_aug_12,badpods_hostipc_aug_12,16,237,2,chain,16,16,16,badpods_hostipc_aug_12.npz
badpods_hostipc_aug_13,badpods_hostipc_aug_13,16,235,2,chain,16,16,16,badpods_hostipc_aug_13.npz
badpods_hostipc_aug_14,badpods_hostipc_aug_14,16,238,2,chain,16,16,16,badpods_hostipc_aug_14.npz
badpods_hostnetwork_aug_00,badpods_hostnetwork_aug_00,16,239,2,chain,16,16,16,badpods_hostnetwork_aug_00.npz
badpods_hostnetwork_aug_01,badpods_hostnetwork_aug_01,16,236,2,chain,16,16,16,badpods_hostnetwork_aug_01.npz
badpods_hostnetwork_aug_02,badpods_hostnetwork_aug_02,16,236,2,chain,16,16,16,badpods_hostnetwork_aug_02.npz
badpods_hostnetwork_aug_03,badpods_hostnetwork_aug_03,16,239,2,chain,16,16,16,badpods_hostnetwork_aug_03.npz
badpods_hostnetwork_aug_04,badpods_hostnetwork_aug_04,16,237,2,chain,16,16,16,badpods_hostnetwork_aug_04.npz
badpods_hostnetwork_aug_05,badpods_hostnetwork_aug_05,16,239,2,chain,16,16,16,badpods_hostnetwork_aug_05.npz
badpods_hostnetwork_aug_06,badpods_hostnetwork_aug_06,16,236,2,chain,16,16,16,badpods_hostnetwork_aug_06.npz
badpods_hostnetwork_aug_07,badpods_hostnetwork_aug_07,16,236,2,chain,16,16,16,badpods_hostnetwork_aug_07.npz
badpods_hostnetwork_aug_08,badpods_hostnetwork_aug_08,16,236,2,chain,16,16,16,badpods_hostnetwork_aug_08.npz
badpods_hostnetwork_aug_09,badpods_hostnetwork_aug_09,16,236,2,chain,16,16,16,badpods_hostnetwork_aug_09.npz
badpods_hostnetwork_aug_10,badpods_hostnetwork_aug_10,16,237,2,chain,16,16,16,badpods_hostnetwork_aug_10.npz
badpods_hostnetwork_aug_11,badpods_hostnetwork_aug_11,16,235,2,chain,16,16,16,badpods_hostnetwork_aug_11.npz
badpods_hostnetwork_aug_12,badpods_hostnetwork_aug_12,16,236,2,chain,16,16,16,badpods_hostnetwork_aug_12.npz
badpods_hostnetwork_aug_13,badpods_hostnetwork_aug_13,16,238,2,chain,16,16,16,badpods_hostnetwork_aug_13.npz
badpods_hostnetwork_aug_14,badpods_hostnetwork_aug_14,16,237,2,chain,16,16,16,badpods_hostnetwork_aug_14.npz
badpods_hostpath_aug_00,badpods_hostpath_aug_00,16,236,2,chain,16,16,16,badpods_hostpath_aug_00.npz
badpods_hostpath_aug_01,badpods_hostpath_aug_01,16,236,2,chain,16,16,16,badpods_hostpath_aug_01.npz
badpods_hostpath_aug_02,badpods_hostpath_aug_02,16,238,2,chain,16,16,16,badpods_hostpath_aug_02.npz
badpods_hostpath_aug_03,badpods_hostpath_aug_03,16,237,2,chain,16,16,16,badpods_hostpath_aug_03.npz
badpods_hostpath_aug_04,badpods_hostpath_aug_04,16,237,2,chain,16,16,16,badpods_hostpath_aug_04.npz
badpods_hostpath_aug_05,badpods_hostpath_aug_05,16,237,2,chain,16,16,16,badpods_hostpath_aug_05.npz
badpods_hostpath_aug_06,badpods_hostpath_aug_06,16,239,2,chain,16,16,16,badpods_hostpath_aug_06.npz
badpods_hostpath_aug_07,badpods_hostpath_aug_07,16,236,2,chain,16,16,16,badpods_hostpath_aug_07.npz
badpods_hostpath_aug_08,badpods_hostpath_aug_08,16,238,2,chain,16,16,16,badpods_hostpath_aug_08.npz
badpods_hostpath_aug_09,badpods_hostpath_aug_09,16,239,2,chain,16,16,16,badpods_hostpath_aug_09.npz
badpods_hostpath_aug_10,badpods_hostpath_aug_10,16,238,2,chain,16,16,16,badpods_hostpath_aug_10.npz
badpods_hostpath_aug_11,badpods_hostpath_aug_11,16,236,2,chain,16,16,16,badpods_hostpath_aug_11.npz
badpods_hostpath_aug_12,badpods_hostpath_aug_12,16,235,2,chain,16,16,16,badpods_hostpath_aug_12.npz
badpods_hostpath_aug_13,badpods_hostpath_aug_13,16,238,2,chain,16,16,16,badpods_hostpath_aug_13.npz
badpods_hostpath_aug_14,badpods_hostpath_aug_14,16,239,2,chain,16,16,16,badpods_hostpath_aug_14.npz
badpods_hostpid_aug_00,badpods_hostpid_aug_00,16,239,2,chain,16,16,16,badpods_hostpid_aug_00.npz
badpods_hostpid_aug_01,badpods_hostpid_aug_01,16,236,2,chain,16,16,16,badpods_hostpid_aug_01.npz
badpods_hostpid_aug_02,badpods_hostpid_aug_02,16,239,2,chain,16,16,16,badpods_hostpid_aug_02.npz
badpods_hostpid_aug_03,badpods_hostpid_aug_03,16,236,2,chain,16,16,16,badpods_hostpid_aug_03.npz
badpods_hostpid_aug_04,badpods_hostpid_aug_04,16,237,2,chain,16,16,16,badpods_hostpid_aug_04.npz
badpods_hostpid_aug_05,badpods_hostpid_aug_05,16,237,2,chain,16,16,16,badpods_hostpid_aug_05.npz
badpods_hostpid_aug_06,badpods_hostpid_aug_06,16,236,2,chain,16,16,16,badpods_hostpid_aug_06.npz
badpods_hostpid_aug_07,badpods_hostpid_aug_07,16,239,2,chain,16,16,16,badpods_hostpid_aug_07.npz
badpods_hostpid_aug_08,badpods_hostpid_aug_08,16,239,2,chain,16,16,16,badpods_hostpid_aug_08.npz
badpods_hostpid_aug_09,badpods_hostpid_aug_09,16,237,2,chain,16,16,16,badpods_hostpid_aug_09.npz
badpods_hostpid_aug_10,badpods_hostpid_aug_10,16,236,2,chain,16,16,16,badpods_hostpid_aug_10.npz
badpods_hostpid_aug_11,badpods_hostpid_aug_11,16,238,2,chain,16,16,16,badpods_hostpid_aug_11.npz
badpods_hostpid_aug_12,badpods_hostpid_aug_12,16,235,2,chain,16,16,16,badpods_hostpid_aug_12.npz
badpods_hostpid_aug_13,badpods_hostpid_aug_13,16,237,2,chain,16,16,16,badpods_hostpid_aug_13.npz
badpods_hostpid_aug_14,badpods_hostpid_aug_14,16,236,2,chain,16,16,16,badpods_hostpid_aug_14.npz
badpods_priv_aug_00,badpods_priv_aug_00,16,237,2,chain,16,16,16,badpods_priv_aug_00.npz
badpods_priv_aug_01,badpods_priv_aug_01,16,235,2,chain,16,16,16,badpods_priv_aug_01.npz
badpods_priv_aug_02,badpods_priv_aug_02,16,238,2,chain,16,16,16,badpods_priv_aug_02.npz
badpods_priv_aug_03,badpods_priv_aug_03,16,238,2,chain,16,16,16,badpods_priv_aug_03.npz
badpods_priv_aug_04,badpods_priv_aug_04,16,236,2,chain,16,16,16,badpods_priv_aug_04.npz
badpods_priv_aug_05,badpods_priv_aug_05,16,238,2,chain,16,16,16,badpods_priv_aug_05.npz
badpods_priv_aug_06,badpods_priv_aug_06,16,238,2,chain,16,16,16,badpods_priv_aug_06.npz
badpods_priv_aug_07,badpods_priv_aug_07,16,237,2,chain,16,16,16,badpods_priv_aug_07.npz
badpods_priv_aug_08,badpods_priv_aug_08,16,235,2,chain,16,16,16,badpods_priv_aug_08.npz
badpods_priv_aug_09,badpods_priv_aug_09,16,236,2,chain,16,16,16,badpods_priv_aug_09.npz
badpods_priv_aug_10,badpods_priv_aug_10,16,239,2,chain,16,16,16,badpods_priv_aug_10.npz
badpods_priv_aug_11,badpods_priv_aug_11,16,238,2,chain,16,16,16,badpods_priv_aug_11.npz
badpods_priv_aug_12,badpods_priv_aug_12,16,237,2,chain,16,16,16,badpods_priv_aug_12.npz
badpods_priv_aug_13,badpods_priv_aug_13,16,235,2,chain,16,16,16,badpods_priv_aug_13.npz
badpods_priv_aug_14,badpods_priv_aug_14,16,238,2,chain,16,16,16,badpods_priv_aug_14.npz
badpods_priv-and-hostpid_aug_00,badpods_priv-and-hostpid_aug_00,16,238,2,chain,16,16,16,badpods_priv-and-hostpid_aug_00.npz
badpods_priv-and-hostpid_aug_01,badpods_priv-and-hostpid_aug_01,16,237,2,chain,16,16,16,badpods_priv-and-hostpid_aug_01.npz
badpods_priv-and-hostpid_aug_02,badpods_priv-and-hostpid_aug_02,16,237,2,chain,16,16,16,badpods_priv-and-hostpid_aug_02.npz
badpods_priv-and-hostpid_aug_03,badpods_priv-and-hostpid_aug_03,16,235,2,chain,16,16,16,badpods_priv-and-hostpid_aug_03.npz
badpods_priv-and-hostpid_aug_04,badpods_priv-and-hostpid_aug_04,16,239,2,chain,16,16,16,badpods_priv-and-hostpid_aug_04.npz
badpods_priv-and-hostpid_aug_05,badpods_priv-and-hostpid_aug_05,16,235,2,chain,16,16,16,badpods_priv-and-hostpid_aug_05.npz
badpods_priv-and-hostpid_aug_06,badpods_priv-and-hostpid_aug_06,16,237,2,chain,16,16,16,badpods_priv-and-hostpid_aug_06.npz
badpods_priv-and-hostpid_aug_07,badpods_priv-and-hostpid_aug_07,16,235,2,chain,16,16,16,badpods_priv-and-hostpid_aug_07.npz
badpods_priv-and-hostpid_aug_08,badpods_priv-and-hostpid_aug_08,16,237,2,chain,16,16,16,badpods_priv-and-hostpid_aug_08.npz
badpods_priv-and-hostpid_aug_09,badpods_priv-and-hostpid_aug_09,16,238,2,chain,16,16,16,badpods_priv-and-hostpid_aug_09.npz
badpods_priv-and-hostpid_aug_10,badpods_priv-and-hostpid_aug_10,16,236,2,chain,16,16,16,badpods_priv-and-hostpid_aug_10.npz
badpods_priv-and-hostpid_aug_11,badpods_priv-and-hostpid_aug_11,16,235,2,chain,16,16,16,badpods_priv-and-hostpid_aug_11.npz
badpods_priv-and-hostpid_aug_12,badpods_priv-and-hostpid_aug_12,16,236,2,chain,16,16,16,badpods_priv-and-hostpid_aug_12.npz
badpods_priv-and-hostpid_aug_13,badpods_priv-and-hostpid_aug_13,16,238,2,chain,16,16,16,badpods_priv-and-hostpid_aug_13.npz
badpods_priv-and-hostpid_aug_14,badpods_priv-and-hostpid_aug_14,16,235,2,chain,16,16,16,badpods_priv-and-hostpid_aug_14.npz
cloudify-kubernetes-plugin_aug_00,cloudify-kubernetes-plugin_aug_00,46,1714,2,chain,2,0,20,cloudify-kubernetes-plugin_aug_00.npz
cloudify-kubernetes-plugin_aug_01,cloudify-kubernetes-plugin_aug_01,46,1529,2,chain,2,0,20,cloudify-kubernetes-plugin_aug_01.npz
cloudify-kubernetes-plugin_aug_02,cloudify-kubernetes-plugin_aug_02,46,1547,2,chain,2,0,20,cloudify-kubernetes-plugin_aug_02.npz
cloudify-kubernetes-plugin_aug_03,cloudify-kubernetes-plugin_aug_03,46,1725,2,chain,2,0,20,cloudify-kubernetes-plugin_aug_03.npz
cloudify-kubernetes-plugin_aug_04,cloudify-kubernetes-plugin_aug_04,46,1689,2,chain,2,0,20,cloudify-kubernetes-plugin_aug_04.npz
cloudify-kubernetes-plugin_aug_05,cloudify-kubernetes-plugin_aug_05,46,1360,2,chain,2,0,20,cloudify-kubernetes-plugin_aug_05.npz
cloudify-kubernetes-plugin_aug_06,cloudify-kubernetes-plugin_aug_06,46,1714,2,chain,2,0,20,cloudify-kubernetes-plugin_aug_06.npz
cloudify-kubernetes-plugin_aug_07,cloudify-kubernetes-plugin_aug_07,46,1374,2,chain,2,0,20,cloudify-kubernetes-plugin_aug_07.npz
cloudify-kubernetes-plugin_aug_08,cloudify-kubernetes-plugin_aug_08,46,1439,2,chain,2,0,20,cloudify-kubernetes-plugin_aug_08.npz
cloudify-kubernetes-plugin_aug_09,cloudify-kubernetes-plugin_aug_09,46,1404,2,chain,2,0,20,cloudify-kubernetes-plugin_aug_09.npz
cloudify-kubernetes-plugin_aug_10,cloudify-kubernetes-plugin_aug_10,46,1548,2,chain,2,0,20,cloudify-kubernetes-plugin_aug_10.npz
cloudify-kubernetes-plugin_aug_11,cloudify-kubernetes-plugin_aug_11,46,1664,2,chain,2,0,20,cloudify-kubernetes-plugin_aug_11.npz
cloudify-kubernetes-plugin_aug_12,cloudify-kubernetes-plugin_aug_12,46,1670,2,chain,2,0,20,cloudify-kubernetes-plugin_aug_12.npz
cloudify-kubernetes-plugin_aug_13,cloudify-kubernetes-plugin_aug_13,46,1658,2,chain,2,0,20,cloudify-kubernetes-plugin_aug_13.npz
cloudify-kubernetes-plugin_aug_14,cloudify-kubernetes-plugin_aug_14,46,1366,2,chain,2,0,20,cloudify-kubernetes-plugin_aug_14.npz
datree-tests_aug_00,datree-tests_aug_00,148,21755,2,chain,8,148,148,datree-tests_aug_00.npz
datree-tests_aug_01,datree-tests_aug_01,148,21755,2,chain,8,148,148,datree-tests_aug_01.npz
datree-tests_aug_02,datree-tests_aug_02,148,21754,2,chain,8,148,148,datree-tests_aug_02.npz
datree-tests_aug_03,datree-tests_aug_03,148,21756,2,chain,8,148,148,datree-tests_aug_03.npz
datree-tests_aug_04,datree-tests_aug_04,148,21756,2,chain,8,148,148,datree-tests_aug_04.npz
datree-tests_aug_05,datree-tests_aug_05,148,21755,2,chain,8,148,148,datree-tests_aug_05.npz
datree-tests_aug_06,datree-tests_aug_06,148,21755,2,chain,8,148,148,datree-tests_aug_06.npz
datree-tests_aug_07,datree-tests_aug_07,148,21755,2,chain,8,148,148,datree-tests_aug_07.npz
datree-tests_aug_08,datree-tests_aug_08,148,21754,2,chain,8,148,148,datree-tests_aug_08.npz
datree-tests_aug_09,datree-tests_aug_09,148,21756,2,chain,8,148,148,datree-tests_aug_09.npz
datree-tests_aug_10,datree-tests_aug_10,70,4830,2,chain,8,148,148,datree-tests_aug_10.npz
datree-tests_aug_11,datree-tests_aug_11,87,7482,2,chain,8,148,148,datree-tests_aug_11.npz
datree-tests_aug_12,datree-tests_aug_12,87,7482,2,chain,8,148,148,datree-tests_aug_12.npz
datree-tests_aug_13,datree-tests_aug_13,59,3422,2,chain,8,148,148,datree-tests_aug_13.npz
datree-tests_aug_14,datree-tests_aug_14,66,4290,2,chain,8,148,148,datree-tests_aug_14.npz
emissary_aug_00,emissary_aug_00,141,10386,2,chain,1,6,23,emissary_aug_00.npz
emissary_aug_01,emissary_aug_01,141,11250,2,chain,1,6,23,emissary_aug_01.npz
emissary_aug_02,emissary_aug_02,141,9698,2,chain,1,6,23,emissary_aug_02.npz
emissary_aug_03,emissary_aug_03,141,9816,2,chain,1,6,23,emissary_aug_03.npz
emissary_aug_04,emissary_aug_04,141,11165,2,chain,1,6,23,emissary_aug_04.npz
emissary_aug_05,emissary_aug_05,141,10513,2,chain,1,6,23,emissary_aug_05.npz
emissary_aug_06,emissary_aug_06,141,10356,2,chain,1,6,23,emissary_aug_06.npz
emissary_aug_07,emissary_aug_07,141,10702,2,chain,1,6,23,emissary_aug_07.npz
emissary_aug_08,emissary_aug_08,141,11626,2,chain,1,6,23,emissary_aug_08.npz
emissary_aug_09,emissary_aug_09,141,10993,2,chain,1,6,23,emissary_aug_09.npz
emissary_aug_10,emissary_aug_10,141,11169,2,chain,1,6,23,emissary_aug_10.npz
emissary_aug_11,emissary_aug_11,84,4154,2,chain,1,6,23,emissary_aug_11.npz
emissary_aug_12,emissary_aug_12,141,9614,2,chain,1,6,23,emissary_aug_12.npz
emissary_aug_13,emissary_aug_13,80,3163,2,chain,1,6,23,emissary_aug_13.npz
emissary_aug_14,emissary_aug_14,89,3657,2,chain,1,6,23,emissary_aug_14.npz
gatekeeper-library_aug_00,gatekeeper-library_aug_00,100,9745,2,chain,16,100,100,gatekeeper-library_aug_00.npz
gatekeeper-library_aug_01,gatekeeper-library_aug_01,100,9767,2,chain,16,100,100,gatekeeper-library_aug_01.npz
gatekeeper-library_aug_02,gatekeeper-library_aug_02,100,9758,2,chain,16,100,100,gatekeeper-library_aug_02.npz
gatekeeper-library_aug_03,gatekeeper-library_aug_03,100,9758,2,chain,16,100,100,gatekeeper-library_aug_03.npz
gatekeeper-library_aug_04,gatekeeper-library_aug_04,100,9754,2,chain,16,100,100,gatekeeper-library_aug_04.npz
gatekeeper-library_aug_05,gatekeeper-library_aug_05,100,9852,2,chain,16,100,100,gatekeeper-library_aug_05.npz
gatekeeper-library_aug_06,gatekeeper-library_aug_06,100,9807,2,chain,16,100,100,gatekeeper-library_aug_06.npz
gatekeeper-library_aug_07,gatekeeper-library_aug_07,100,9844,2,chain,16,100,100,gatekeeper-library_aug_07.npz
gatekeeper-library_aug_08,gatekeeper-library_aug_08,100,9748,2,chain,16,100,100,gatekeeper-library_aug_08.npz
gatekeeper-library_aug_09,gatekeeper-library_aug_09,100,9794,2,chain,16,100,100,gatekeeper-library_aug_09.npz
gatekeeper-library_aug_10,gatekeeper-library_aug_10,44,1878,2,chain,16,100,100,gatekeeper-library_aug_10.npz
gatekeeper-library_aug_11,gatekeeper-library_aug_11,51,2539,2,chain,16,100,100,gatekeeper-library_aug_11.npz
gatekeeper-library_aug_12,gatekeeper-library_aug_12,59,3385,2,chain,16,100,100,gatekeeper-library_aug_12.npz
gatekeeper-library_aug_13,gatekeeper-library_aug_13,43,1784,2,chain,16,100,100,gatekeeper-library_aug_13.npz
gatekeeper-library_aug_14,gatekeeper-library_aug_14,56,3054,2,chain,16,100,100,gatekeeper-library_aug_14.npz
gitcontroller_aug_00,gitcontroller_aug_00,281,68172,2,chain,6,0,68,gitcontroller_aug_00.npz
gitcontroller_aug_01,gitcontroller_aug_01,281,56404,2,chain,6,0,68,gitcontroller_aug_01.npz
gitcontroller_aug_02,gitcontroller_aug_02,281,65122,2,chain,6,0,68,gitcontroller_aug_02.npz
gitcontroller_aug_03,gitcontroller_aug_03,281,53903,2,chain,6,0,68,gitcontroller_aug_03.npz
gitcontroller_aug_04,gitcontroller_aug_04,281,66114,2,chain,6,0,68,gitcontroller_aug_04.npz
gitcontroller_aug_05,gitcontroller_aug_05,281,64862,2,chain,6,0,68,gitcontroller_aug_05.npz
gitcontroller_aug_06,gitcontroller_aug_06,281,62039,2,chain,6,0,68,gitcontroller_aug_06.npz
gitcontroller_aug_07,gitcontroller_aug_07,281,61091,2,chain,6,0,68,gitcontroller_aug_07.npz
gitcontroller_aug_08,gitcontroller_aug_08,281,65679,2,chain,6,0,68,gitcontroller_aug_08.npz
gitcontroller_aug_09,gitcontroller_aug_09,281,66704,2,chain,6,0,68,gitcontroller_aug_09.npz
gitcontroller_aug_10,gitcontroller_aug_10,168,21044,2,chain,6,0,68,gitcontroller_aug_10.npz
gitcontroller_aug_11,gitcontroller_aug_11,137,15628,2,chain,6,0,68,gitcontroller_aug_11.npz
gitcontroller_aug_12,gitcontroller_aug_12,131,12419,2,chain,6,0,68,gitcontroller_aug_12.npz
gitcontroller_aug_13,gitcontroller_aug_13,135,12806,2,chain,6,0,68,gitcontroller_aug_13.npz
gitcontroller_aug_14,gitcontroller_aug_14,194,32335,2,chain,6,0,68,gitcontroller_aug_14.npz
infra-goof-k8s_aug_00,infra-goof-k8s_aug_00,24,383,2,chain,20,24,24,infra-goof-k8s_aug_00.npz
infra-goof-k8s_aug_01,infra-goof-k8s_aug_01,24,454,2,chain,20,24,24,infra-goof-k8s_aug_01.npz
infra-goof-k8s_aug_02,infra-goof-k8s_aug_02,24,368,2,chain,20,24,24,infra-goof-k8s_aug_02.npz
infra-goof-k8s_aug_03,infra-goof-k8s_aug_03,24,396,2,chain,20,24,24,infra-goof-k8s_aug_03.npz
infra-goof-k8s_aug_04,infra-goof-k8s_aug_04,24,362,2,chain,20,24,24,infra-goof-k8s_aug_04.npz
infra-goof-k8s_aug_05,infra-goof-k8s_aug_05,24,467,2,chain,20,24,24,infra-goof-k8s_aug_05.npz
infra-goof-k8s_aug_06,infra-goof-k8s_aug_06,24,456,2,chain,20,24,24,infra-goof-k8s_aug_06.npz
infra-goof-k8s_aug_07,infra-goof-k8s_aug_07,24,439,2,chain,20,24,24,infra-goof-k8s_aug_07.npz
infra-goof-k8s_aug_08,infra-goof-k8s_aug_08,24,389,2,chain,20,24,24,infra-goof-k8s_aug_08.npz
infra-goof-k8s_aug_09,infra-goof-k8s_aug_09,24,375,2,chain,20,24,24,infra-goof-k8s_aug_09.npz
infra-goof-k8s_aug_10,infra-goof-k8s_aug_10,24,384,2,chain,20,24,24,infra-goof-k8s_aug_10.npz
infra-goof-k8s_aug_11,infra-goof-k8s_aug_11,24,381,2,chain,20,24,24,infra-goof-k8s_aug_11.npz
infra-goof-k8s_aug_12,infra-goof-k8s_aug_12,24,395,2,chain,20,24,24,infra-goof-k8s_aug_12.npz
infra-goof-k8s_aug_13,infra-goof-k8s_aug_13,24,490,2,chain,20,24,24,infra-goof-k8s_aug_13.npz
infra-goof-k8s_aug_14,infra-goof-k8s_aug_14,24,483,2,chain,20,24,24,infra-goof-k8s_aug_14.npz
kube-goat_aug_00,kube-goat_aug_00,4,12,2,chain,1,4,4,kube-goat_aug_00.npz
kube-goat_aug_01,kube-goat_aug_01,4,12,2,chain,1,4,4,kube-goat_aug_01.npz
kube-goat_aug_02,kube-goat_aug_02,4,12,2,chain,1,4,4,kube-goat_aug_02.npz
kube-goat_aug_03,kube-goat_aug_03,4,12,2,chain,1,4,4,kube-goat_aug_03.npz
kube-goat_aug_04,kube-goat_aug_04,4,12,2,chain,1,4,4,kube-goat_aug_04.npz
kube-goat_aug_05,kube-goat_aug_05,4,12,2,chain,1,4,4,kube-goat_aug_05.npz
kube-goat_aug_06,kube-goat_aug_06,4,12,2,chain,1,4,4,kube-goat_aug_06.npz
kube-goat_aug_07,kube-goat_aug_07,4,12,2,chain,1,4,4,kube-goat_aug_07.npz
kube-goat_aug_08,kube-goat_aug_08,4,12,2,chain,1,4,4,kube-goat_aug_08.npz
kube-goat_aug_09,kube-goat_aug_09,4,12,2,chain,1,4,4,kube-goat_aug_09.npz
kube-goat_aug_10,kube-goat_aug_10,4,12,2,chain,1,4,4,kube-goat_aug_10.npz
kube-goat_aug_11,kube-goat_aug_11,4,12,2,chain,1,4,4,kube-goat_aug_11.npz
kube-goat_aug_12,kube-goat_aug_12,4,12,2,chain,1,4,4,kube-goat_aug_12.npz
kube-goat_aug_13,kube-goat_aug_13,4,12,2,chain,1,4,4,kube-goat_aug_13.npz
kube-goat_aug_14,kube-goat_aug_14,4,12,2,chain,1,4,4,kube-goat_aug_14.npz
kube_security_lab_aug_00,kube_security_lab_aug_00,10,79,2,chain,7,10,10,kube_security_lab_aug_00.npz
kube_security_lab_aug_01,kube_security_lab_aug_01,10,85,2,chain,7,10,10,kube_security_lab_aug_01.npz
kube_security_lab_aug_02,kube_security_lab_aug_02,10,80,2,chain,7,10,10,kube_security_lab_aug_02.npz
kube_security_lab_aug_03,kube_security_lab_aug_03,10,84,2,chain,7,10,10,kube_security_lab_aug_03.npz
kube_security_lab_aug_04,kube_security_lab_aug_04,10,78,2,chain,7,10,10,kube_security_lab_aug_04.npz
kube_security_lab_aug_05,kube_security_lab_aug_05,10,83,2,chain,7,10,10,kube_security_lab_aug_05.npz
kube_security_lab_aug_06,kube_security_lab_aug_06,10,81,2,chain,7,10,10,kube_security_lab_aug_06.npz
kube_security_lab_aug_07,kube_security_lab_aug_07,10,79,2,chain,7,10,10,kube_security_lab_aug_07.npz
kube_security_lab_aug_08,kube_security_lab_aug_08,10,85,2,chain,7,10,10,kube_security_lab_aug_08.npz
kube_security_lab_aug_09,kube_security_lab_aug_09,10,85,2,chain,7,10,10,kube_security_lab_aug_09.npz
kube_security_lab_aug_10,kube_security_lab_aug_10,10,78,2,chain,7,10,10,kube_security_lab_aug_10.npz
kube_security_lab_aug_11,kube_security_lab_aug_11,10,77,2,chain,7,10,10,kube_security_lab_aug_11.npz
kube_security_lab_aug_12,kube_security_lab_aug_12,10,84,2,chain,7,10,10,kube_security_lab_aug_12.npz
kube_security_lab_aug_13,kube_security_lab_aug_13,10,79,2,chain,7,10,10,kube_security_lab_aug_13.npz
kube_security_lab_aug_14,kube_security_lab_aug_14,10,86,2,chain,7,10,10,kube_security_lab_aug_14.npz
kubeaudit-fixtures_aug_00,kubeaudit-fixtures_aug_00,114,12513,2,chain,22,114,114,kubeaudit-fixtures_aug_00.npz
kubeaudit-fixtures_aug_01,kubeaudit-fixtures_aug_01,114,12668,2,chain,22,114,114,kubeaudit-fixtures_aug_01.npz
kubeaudit-fixtures_aug_02,kubeaudit-fixtures_aug_02,114,12366,2,chain,22,114,114,kubeaudit-fixtures_aug_02.npz
kubeaudit-fixtures_aug_03,kubeaudit-fixtures_aug_03,114,12597,2,chain,22,114,114,kubeaudit-fixtures_aug_03.npz
kubeaudit-fixtures_aug_04,kubeaudit-fixtures_aug_04,114,12471,2,chain,22,114,114,kubeaudit-fixtures_aug_04.npz
kubeaudit-fixtures_aug_05,kubeaudit-fixtures_aug_05,114,12495,2,chain,22,114,114,kubeaudit-fixtures_aug_05.npz
kubeaudit-fixtures_aug_06,kubeaudit-fixtures_aug_06,114,12619,2,chain,22,114,114,kubeaudit-fixtures_aug_06.npz
kubeaudit-fixtures_aug_07,kubeaudit-fixtures_aug_07,114,12534,2,chain,22,114,114,kubeaudit-fixtures_aug_07.npz
kubeaudit-fixtures_aug_08,kubeaudit-fixtures_aug_08,114,12667,2,chain,22,114,114,kubeaudit-fixtures_aug_08.npz
kubeaudit-fixtures_aug_09,kubeaudit-fixtures_aug_09,114,12591,2,chain,22,114,114,kubeaudit-fixtures_aug_09.npz
kubeaudit-fixtures_aug_10,kubeaudit-fixtures_aug_10,76,5612,2,chain,22,114,114,kubeaudit-fixtures_aug_10.npz
kubeaudit-fixtures_aug_11,kubeaudit-fixtures_aug_11,56,2941,2,chain,22,114,114,kubeaudit-fixtures_aug_11.npz
kubeaudit-fixtures_aug_12,kubeaudit-fixtures_aug_12,52,2554,2,chain,22,114,114,kubeaudit-fixtures_aug_12.npz
kubeaudit-fixtures_aug_13,kubeaudit-fixtures_aug_13,62,3665,2,chain,22,114,114,kubeaudit-fixtures_aug_13.npz
kubeaudit-fixtures_aug_14,kubeaudit-fixtures_aug_14,52,2610,2,chain,22,114,114,kubeaudit-fixtures_aug_14.npz
kubernetes-ctf_aug_00,kubernetes-ctf_aug_00,8,56,2,chain,1,8,8,kubernetes-ctf_aug_00.npz
kubernetes-ctf_aug_01,kubernetes-ctf_aug_01,8,56,2,chain,1,8,8,kubernetes-ctf_aug_01.npz
kubernetes-ctf_aug_02,kubernetes-ctf_aug_02,8,56,2,chain,1,8,8,kubernetes-ctf_aug_02.npz
kubernetes-ctf_aug_03,kubernetes-ctf_aug_03,8,56,2,chain,1,8,8,kubernetes-ctf_aug_03.npz
kubernetes-ctf_aug_04,kubernetes-ctf_aug_04,8,56,2,chain,1,8,8,kubernetes-ctf_aug_04.npz
kubernetes-ctf_aug_05,kubernetes-ctf_aug_05,8,56,2,chain,1,8,8,kubernetes-ctf_aug_05.npz
kubernetes-ctf_aug_06,kubernetes-ctf_aug_06,8,56,2,chain,1,8,8,kubernetes-ctf_aug_06.npz
kubernetes-ctf_aug_07,kubernetes-ctf_aug_07,8,56,2,chain,1,8,8,kubernetes-ctf_aug_07.npz
kubernetes-ctf_aug_08,kubernetes-ctf_aug_08,8,56,2,chain,1,8,8,kubernetes-ctf_aug_08.npz
kubernetes-ctf_aug_09,kubernetes-ctf_aug_09,8,56,2,chain,1,8,8,kubernetes-ctf_aug_09.npz
kubernetes-ctf_aug_10,kubernetes-ctf_aug_10,8,56,2,chain,1,8,8,kubernetes-ctf_aug_10.npz
kubernetes-ctf_aug_11,kubernetes-ctf_aug_11,8,56,2,chain,1,8,8,kubernetes-ctf_aug_11.npz
kubernetes-ctf_aug_12,kubernetes-ctf_aug_12,8,56,2,chain,1,8,8,kubernetes-ctf_aug_12.npz
kubernetes-ctf_aug_13,kubernetes-ctf_aug_13,8,56,2,chain,1,8,8,kubernetes-ctf_aug_13.npz
kubernetes-ctf_aug_14,kubernetes-ctf_aug_14,8,56,2,chain,1,8,8,kubernetes-ctf_aug_14.npz
kubernetes-goof_aug_00,kubernetes-goof_aug_00,9,62,2,chain,4,9,9,kubernetes-goof_aug_00.npz
kubernetes-goof_aug_01,kubernetes-goof_aug_01,9,63,2,chain,4,9,9,kubernetes-goof_aug_01.npz
kubernetes-goof_aug_02,kubernetes-goof_aug_02,9,67,2,chain,4,9,9,kubernetes-goof_aug_02.npz
kubernetes-goof_aug_03,kubernetes-goof_aug_03,9,68,2,chain,4,9,9,kubernetes-goof_aug_03.npz
kubernetes-goof_aug_04,kubernetes-goof_aug_04,9,63,2,chain,4,9,9,kubernetes-goof_aug_04.npz
kubernetes-goof_aug_05,kubernetes-goof_aug_05,9,62,2,chain,4,9,9,kubernetes-goof_aug_05.npz
kubernetes-goof_aug_06,kubernetes-goof_aug_06,9,62,2,chain,4,9,9,kubernetes-goof_aug_06.npz
kubernetes-goof_aug_07,kubernetes-goof_aug_07,9,65,2,chain,4,9,9,kubernetes-goof_aug_07.npz
kubernetes-goof_aug_08,kubernetes-goof_aug_08,9,64,2,chain,4,9,9,kubernetes-goof_aug_08.npz
kubernetes-goof_aug_09,kubernetes-goof_aug_09,9,64,2,chain,4,9,9,kubernetes-goof_aug_09.npz
kubernetes-goof_aug_10,kubernetes-goof_aug_10,9,62,2,chain,4,9,9,kubernetes-goof_aug_10.npz
kubernetes-goof_aug_11,kubernetes-goof_aug_11,9,65,2,chain,4,9,9,kubernetes-goof_aug_11.npz
kubernetes-goof_aug_12,kubernetes-goof_aug_12,9,65,2,chain,4,9,9,kubernetes-goof_aug_12.npz
kubernetes-goof_aug_13,kubernetes-goof_aug_13,9,66,2,chain,4,9,9,kubernetes-goof_aug_13.npz
kubernetes-goof_aug_14,kubernetes-goof_aug_14,9,67,2,chain,4,9,9,kubernetes-goof_aug_14.npz
kubernetes-native-testbed_aug_00,kubernetes-native-testbed_aug_00,163,6177,2,chain,4,11,16,kubernetes-native-testbed_aug_00.npz
kubernetes-native-testbed_aug_01,kubernetes-native-testbed_aug_01,163,6699,2,chain,4,11,16,kubernetes-native-testbed_aug_01.npz
kubernetes-native-testbed_aug_02,kubernetes-native-testbed_aug_02,163,6290,2,chain,4,11,16,kubernetes-native-testbed_aug_02.npz
kubernetes-native-testbed_aug_03,kubernetes-native-testbed_aug_03,163,6527,2,chain,4,11,16,kubernetes-native-testbed_aug_03.npz
kubernetes-native-testbed_aug_04,kubernetes-native-testbed_aug_04,163,6350,2,chain,4,11,16,kubernetes-native-testbed_aug_04.npz
kubernetes-native-testbed_aug_05,kubernetes-native-testbed_aug_05,163,6477,2,chain,4,11,16,kubernetes-native-testbed_aug_05.npz
kubernetes-native-testbed_aug_06,kubernetes-native-testbed_aug_06,163,6381,2,chain,4,11,16,kubernetes-native-testbed_aug_06.npz
kubernetes-native-testbed_aug_07,kubernetes-native-testbed_aug_07,163,6639,2,chain,4,11,16,kubernetes-native-testbed_aug_07.npz
kubernetes-native-testbed_aug_08,kubernetes-native-testbed_aug_08,163,6128,2,chain,4,11,16,kubernetes-native-testbed_aug_08.npz
kubernetes-native-testbed_aug_09,kubernetes-native-testbed_aug_09,163,6726,2,chain,4,11,16,kubernetes-native-testbed_aug_09.npz
kubernetes-native-testbed_aug_10,kubernetes-native-testbed_aug_10,88,2416,2,chain,4,11,16,kubernetes-native-testbed_aug_10.npz
kubernetes-native-testbed_aug_11,kubernetes-native-testbed_aug_11,109,2819,2,chain,4,11,16,kubernetes-native-testbed_aug_11.npz
kubernetes-native-testbed_aug_12,kubernetes-native-testbed_aug_12,66,1215,2,chain,4,11,16,kubernetes-native-testbed_aug_12.npz
kubernetes-native-testbed_aug_13,kubernetes-native-testbed_aug_13,73,1370,2,chain,4,11,16,kubernetes-native-testbed_aug_13.npz
kubernetes-native-testbed_aug_14,kubernetes-native-testbed_aug_14,76,1464,2,chain,4,11,16,kubernetes-native-testbed_aug_14.npz
kubernetes_goat_health-check_aug_00,kubernetes_goat_health-check_aug_00,2,2,2,chain,2,2,2,kubernetes_goat_health-check_aug_00.npz
kubernetes_goat_health-check_aug_01,kubernetes_goat_health-check_aug_01,2,2,2,chain,2,2,2,kubernetes_goat_health-check_aug_01.npz
kubernetes_goat_health-check_aug_02,kubernetes_goat_health-check_aug_02,2,2,2,chain,2,2,2,kubernetes_goat_health-check_aug_02.npz
kubernetes_goat_health-check_aug_03,kubernetes_goat_health-check_aug_03,2,2,2,chain,2,2,2,kubernetes_goat_health-check_aug_03.npz
kubernetes_goat_health-check_aug_04,kubernetes_goat_health-check_aug_04,2,2,2,chain,2,2,2,kubernetes_goat_health-check_aug_04.npz
kubernetes_goat_health-check_aug_05,kubernetes_goat_health-check_aug_05,2,2,2,chain,2,2,2,kubernetes_goat_health-check_aug_05.npz
kubernetes_goat_health-check_aug_06,kubernetes_goat_health-check_aug_06,2,2,2,chain,2,2,2,kubernetes_goat_health-check_aug_06.npz
kubernetes_goat_health-check_aug_07,kubernetes_goat_health-check_aug_07,2,2,2,chain,2,2,2,kubernetes_goat_health-check_aug_07.npz
kubernetes_goat_health-check_aug_08,kubernetes_goat_health-check_aug_08,2,2,2,chain,2,2,2,kubernetes_goat_health-check_aug_08.npz
kubernetes_goat_health-check_aug_09,kubernetes_goat_health-check_aug_09,2,2,2,chain,2,2,2,kubernetes_goat_health-check_aug_09.npz
kubernetes_goat_health-check_aug_10,kubernetes_goat_health-check_aug_10,2,2,2,chain,2,2,2,kubernetes_goat_health-check_aug_10.npz
kubernetes_goat_health-check_aug_11,kubernetes_goat_health-check_aug_11,2,2,2,chain,2,2,2,kubernetes_goat_health-check_aug_11.npz
kubernetes_goat_health-check_aug_12,kubernetes_goat_health-check_aug_12,2,2,2,chain,2,2,2,kubernetes_goat_health-check_aug_12.npz
kubernetes_goat_health-check_aug_13,kubernetes_goat_health-check_aug_13,2,2,2,chain,2,2,2,kubernetes_goat_health-check_aug_13.npz
kubernetes_goat_health-check_aug_14,kubernetes_goat_health-check_aug_14,2,2,2,chain,2,2,2,kubernetes_goat_health-check_aug_14.npz
kubernetes_goat_kube-bench-security_aug_00,kubernetes_goat_kube-bench-security_aug_00,2,2,2,chain,2,2,2,kubernetes_goat_kube-bench-security_aug_00.npz
kubernetes_goat_kube-bench-security_aug_01,kubernetes_goat_kube-bench-security_aug_01,2,2,2,chain,2,2,2,kubernetes_goat_kube-bench-security_aug_01.npz
kubernetes_goat_kube-bench-security_aug_02,kubernetes_goat_kube-bench-security_aug_02,2,2,2,chain,2,2,2,kubernetes_goat_kube-bench-security_aug_02.npz
kubernetes_goat_kube-bench-security_aug_03,kubernetes_goat_kube-bench-security_aug_03,2,2,2,chain,2,2,2,kubernetes_goat_kube-bench-security_aug_03.npz
kubernetes_goat_kube-bench-security_aug_04,kubernetes_goat_kube-bench-security_aug_04,2,2,2,chain,2,2,2,kubernetes_goat_kube-bench-security_aug_04.npz
kubernetes_goat_kube-bench-security_aug_05,kubernetes_goat_kube-bench-security_aug_05,2,2,2,chain,2,2,2,kubernetes_goat_kube-bench-security_aug_05.npz
kubernetes_goat_kube-bench-security_aug_06,kubernetes_goat_kube-bench-security_aug_06,2,2,2,chain,2,2,2,kubernetes_goat_kube-bench-security_aug_06.npz
kubernetes_goat_kube-bench-security_aug_07,kubernetes_goat_kube-bench-security_aug_07,2,2,2,chain,2,2,2,kubernetes_goat_kube-bench-security_aug_07.npz
kubernetes_goat_kube-bench-security_aug_08,kubernetes_goat_kube-bench-security_aug_08,2,2,2,chain,2,2,2,kubernetes_goat_kube-bench-security_aug_08.npz
kubernetes_goat_kube-bench-security_aug_09,kubernetes_goat_kube-bench-security_aug_09,2,2,2,chain,2,2,2,kubernetes_goat_kube-bench-security_aug_09.npz
kubernetes_goat_kube-bench-security_aug_10,kubernetes_goat_kube-bench-security_aug_10,2,2,2,chain,2,2,2,kubernetes_goat_kube-bench-security_aug_10.npz
kubernetes_goat_kube-bench-security_aug_11,kubernetes_goat_kube-bench-security_aug_11,2,2,2,chain,2,2,2,kubernetes_goat_kube-bench-security_aug_11.npz
kubernetes_goat_kube-bench-security_aug_12,kubernetes_goat_kube-bench-security_aug_12,2,2,2,chain,2,2,2,kubernetes_goat_kube-bench-security_aug_12.npz
kubernetes_goat_kube-bench-security_aug_13,kubernetes_goat_kube-bench-security_aug_13,2,2,2,chain,2,2,2,kubernetes_goat_kube-bench-security_aug_13.npz
kubernetes_goat_kube-bench-security_aug_14,kubernetes_goat_kube-bench-security_aug_14,2,2,2,chain,2,2,2,kubernetes_goat_kube-bench-security_aug_14.npz
minik8s-ctf_aug_00,minik8s-ctf_aug_00,4,11,2,chain,2,4,4,minik8s-ctf_aug_00.npz
minik8s-ctf_aug_01,minik8s-ctf_aug_01,4,9,2,chain,2,4,4,minik8s-ctf_aug_01.npz
minik8s-ctf_aug_02,minik8s-ctf_aug_02,4,9,2,chain,2,4,4,minik8s-ctf_aug_02.npz
minik8s-ctf_aug_03,minik8s-ctf_aug_03,4,9,2,chain,2,4,4,minik8s-ctf_aug_03.npz
minik8s-ctf_aug_04,minik8s-ctf_aug_04,4,9,2,chain,2,4,4,minik8s-ctf_aug_04.npz
minik8s-ctf_aug_05,minik8s-ctf_aug_05,4,9,2,chain,2,4,4,minik8s-ctf_aug_05.npz
minik8s-ctf_aug_06,minik8s-ctf_aug_06,4,11,2,chain,2,4,4,minik8s-ctf_aug_06.npz
minik8s-ctf_aug_07,minik8s-ctf_aug_07,4,10,2,chain,2,4,4,minik8s-ctf_aug_07.npz
minik8s-ctf_aug_08,minik8s-ctf_aug_08,4,10,2,chain,2,4,4,minik8s-ctf_aug_08.npz
minik8s-ctf_aug_09,minik8s-ctf_aug_09,4,11,2,chain,2,4,4,minik8s-ctf_aug_09.npz
minik8s-ctf_aug_10,minik8s-ctf_aug_10,4,9,2,chain,2,4,4,minik8s-ctf_aug_10.npz
minik8s-ctf_aug_11,minik8s-ctf_aug_11,4,9,2,chain,2,4,4,minik8s-ctf_aug_11.npz
minik8s-ctf_aug_12,minik8s-ctf_aug_12,4,10,2,chain,2,4,4,minik8s-ctf_aug_12.npz
minik8s-ctf_aug_13,minik8s-ctf_aug_13,4,11,2,chain,2,4,4,minik8s-ctf_aug_13.npz
minik8s-ctf_aug_14,minik8s-ctf_aug_14,4,11,2,chain,2,4,4,minik8s-ctf_aug_14.npz
securekubernetes_aug_00,securekubernetes_aug_00,3,5,2,chain,2,3,3,securekubernetes_aug_00.npz
securekubernetes_aug_01,securekubernetes_aug_01,3,5,2,chain,2,3,3,securekubernetes_aug_01.npz
securekubernetes_aug_02,securekubernetes_aug_02,3,5,2,chain,2,3,3,securekubernetes_aug_02.npz
securekubernetes_aug_03,securekubernetes_aug_03,3,5,2,chain,2,3,3,securekubernetes_aug_03.npz
securekubernetes_aug_04,securekubernetes_aug_04,3,5,2,chain,2,3,3,securekubernetes_aug_04.npz
securekubernetes_aug_05,securekubernetes_aug_05,3,6,2,chain,2,3,3,securekubernetes_aug_05.npz
securekubernetes_aug_06,securekubernetes_aug_06,3,5,2,chain,2,3,3,securekubernetes_aug_06.npz
securekubernetes_aug_07,securekubernetes_aug_07,3,5,2,chain,2,3,3,securekubernetes_aug_07.npz
securekubernetes_aug_08,securekubernetes_aug_08,3,4,2,chain,2,3,3,securekubernetes_aug_08.npz
securekubernetes_aug_09,securekubernetes_aug_09,3,6,2,chain,2,3,3,securekubernetes_aug_09.npz
securekubernetes_aug_10,securekubernetes_aug_10,3,4,2,chain,2,3,3,securekubernetes_aug_10.npz
securekubernetes_aug_11,securekubernetes_aug_11,3,5,2,chain,2,3,3,securekubernetes_aug_11.npz
securekubernetes_aug_12,securekubernetes_aug_12,3,5,2,chain,2,3,3,securekubernetes_aug_12.npz
securekubernetes_aug_13,securekubernetes_aug_13,3,6,2,chain,2,3,3,securekubernetes_aug_13.npz
securekubernetes_aug_14,securekubernetes_aug_14,3,5,2,chain,2,3,3,securekubernetes_aug_14.npz
